	BarcodeSequence	LinkerPrimerSequence	RevBarcodeSequence	ReversePrimer	phinchID	DemuxReads	Treatment	Host	Observed	Fisher
A1-JM2-2-2621739	S1	GTGARTCATCRARTYTTTG	no_data	CCTSCSCTTANTDATATGC	A1-JM2-2-2621739	23372	mixed	Juniperus	80	8589934632
A12-QM1-2-2621927	S12	GTGARTCATCRARTYTTTG	no_data	CCTSCSCTTANTDATATGC	A12-QM1-2-2621927	24709	mixed	Quercus	318	35803617037595600
B12-QM2-2-2621928	S24	GTGARTCATCRARTYTTTG	no_data	CCTSCSCTTANTDATATGC	B12-QM2-2-2621928	24694	mixed	Quercus	322	483386360004433408
E3-JN1-2-2621809	S51	GTGARTCATCRARTYTTTG	no_data	CCTSCSCTTANTDATATGC	E3-JN1-2-2621809	24201	native	Juniperus	90	8589934637
F2-QN3-2-2621802	S62	GTGARTCATCRARTYTTTG	no_data	CCTSCSCTTANTDATATGC	F2-QN3-2-2621802	23503	native	Quercus	109	35063739955956056
F3-JN2-2-2621810	S63	GTGARTCATCRARTYTTTG	no_data	CCTSCSCTTANTDATATGC	F3-JN2-2-2621810	24563	native	Juniperus	61	8589934622.5
F9-QM3-2-2621908	S69	GTGARTCATCRARTYTTTG	no_data	CCTSCSCTTANTDATATGC	F9-QM3-2-2621908	24323	mixed	Quercus	212	136394731571792272
G2-QN1-2-2621803	S74	GTGARTCATCRARTYTTTG	no_data	CCTSCSCTTANTDATATGC	G2-QN1-2-2621803	23878	native	Quercus	98	8589934641
G3-JM1-2-2621811	S75	GTGARTCATCRARTYTTTG	no_data	CCTSCSCTTANTDATATGC	G3-JM1-2-2621811	24551	mixed	Juniperus	76	8589934630
H2-JM3-2-2621804	S86	GTGARTCATCRARTYTTTG	no_data	CCTSCSCTTANTDATATGC	H2-JM3-2-2621804	23365	mixed	Juniperus	176	264211178139069184
H11-JN3-2-2621926	S95	GTGARTCATCRARTYTTTG	no_data	CCTSCSCTTANTDATATGC	H11-JN3-2-2621926	24623	native	Juniperus	374	35837154481629244
H12-QN2-2-2621934	S96	GTGARTCATCRARTYTTTG	no_data	CCTSCSCTTANTDATATGC	H12-QN2-2-2621934	23818	native	Quercus	343	17962031071954594
